이름,Created,Last Edited Time,State,Tag,URL
Read HTML Form Data Using Get/Post Method in Node.js,2022년 8월 23일 오후 1:49,2022년 8월 24일 오후 10:26,In progress,"db, node.js",https://medium.com/swlh/read-html-form-data-using-get-and-post-method-in-node-js-8d2c7880adbf
안방 공식정보페이지 검색필터링 구현하기,2022년 8월 22일 오후 2:05,2022년 8월 23일 오후 3:22,In progress,"db, node.js, sequelize",
Middleware [Node.js],2022년 8월 22일 오후 1:42,2022년 8월 25일 오전 9:28,In progress,node.js,
Node.js에서의 쿠키/세션으로 사용자 정보 저장,2022년 8월 9일 오전 3:15,2022년 8월 24일 오전 11:45,In progress,node.js,
Payment Gateway API 연동 [이니시스],2022년 8월 6일 오후 2:08,2022년 8월 24일 오전 11:46,In progress,node.js,
[Git] 오류 해결 error: unable to delete '브랜치명': remote ref does not exist,2022년 8월 22일 오후 4:34,2022년 8월 23일 오후 3:22,Done,git,https://velog.io/@wheezy_han/Git-%EC%98%A4%EB%A5%98-%ED%95%B4%EA%B2%B0-error-unable-to-delete-%EB%B8%8C%EB%9E%9C%EC%B9%98%EB%AA%85-remote-ref-does-not-exist
Foreign Key / Source Key / Target Key,2022년 8월 19일 오후 4:34,2022년 8월 23일 오후 3:23,Done,"db, node.js, sequelize",
깃 병합 충돌 이슈 : Accept Incoming Change not appearing in VS Code,2022년 8월 19일 오전 9:51,2022년 8월 23일 오후 3:22,Done,git,
Node.js로 요청과 응답,2022년 8월 14일 오후 5:20,2022년 8월 23일 오후 3:22,Done,node.js,
Async/Sync & Block/Non-Block,2022년 8월 12일 오후 1:52,2022년 8월 23일 오후 3:22,Done,node.js,
Callback Pattern & Promise Pattern (feat.async/await),2022년 8월 12일 오전 10:37,2022년 8월 23일 오후 3:22,Done,node.js,
원격저장소 원격브랜치 사용하여 PR하기(feat.Jira),2022년 8월 11일 오후 3:28,2022년 8월 24일 오전 11:44,Done,node.js,
노드 내장 모듈 사용하기,2022년 8월 11일 오후 2:08,2022년 8월 23일 오후 3:22,Done,node.js,
REST? RESTful API?,2022년 8월 10일 오전 11:38,2022년 8월 23일 오후 3:23,Done,network,
본격적인 Node 체험학습,2022년 8월 9일 오후 2:29,2022년 8월 23일 오후 3:23,Done,node.js,
Cookie vs Session,2022년 8월 9일 오전 4:29,2022년 8월 23일 오후 3:23,Done,network,
효율적인 커밋메세지로 협업하기,2022년 8월 9일 오전 4:05,2022년 8월 23일 오후 3:23,Done,node.js,
Sequelize 사용하여 ORM 구현하기,2022년 8월 9일 오전 3:16,2022년 8월 24일 오후 10:09,Done,"node.js, sequelize",
Javascript 모듈 추출,2022년 8월 9일 오전 3:12,2022년 8월 23일 오후 3:23,Done,node.js,
JS 기본 문법 익히기 [Node.js 교과서],2022년 8월 6일 오후 4:58,2022년 8월 23일 오후 3:23,Done,node.js,
Kakao Login API [Node.js],2022년 8월 6일 오후 2:20,2022년 8월 23일 오후 3:23,Done,node.js,
Node.js 이벤트 루프 상세과정,2022년 8월 5일 오전 10:41,2022년 8월 23일 오후 3:23,Done,node.js,
Node.js란,2022년 8월 4일 오전 9:50,2022년 8월 23일 오후 3:23,Done,node.js,